patient_id,first_name,last_name,gender,date_of_birth,contact_number,address,registration_date,insurance_provider,insurance_number,email
P001,David,Williams,F,1955-06-04,6939585183,789 Pine Rd,23-06-2022,WellnessCorp,INS840674,david.williams@mail.com
P002,Emily,Smith,F,1984-10-12,8228188767,321 Maple Dr,15-01-2022,PulseSecure,INS354079,emily.smith@mail.com
P003,Laura,Jones,M,1977-08-21,8397029847,321 Maple Dr,07-02-2022,PulseSecure,INS650929,laura.jones@mail.com
P004,Michael,Johnson,F,1981-02-20,9019443432,123 Elm St,02-03-2021,HealthIndia,INS789944,michael.johnson@mail.com
P005,David,Wilson,M,1960-06-23,7734463155,123 Elm St,29-09-2021,MedCare Plus,INS788105,david.wilson@mail.com
P006,Linda,Jones,M,1963-06-16,7561777264,321 Maple Dr,02-10-2022,HealthIndia,INS613758,linda.jones@mail.com
P007,Alex,Johnson,F,1989-06-08,6278710077,789 Pine Rd,25-12-2021,MedCare Plus,INS465890,alex.johnson@mail.com
P008,David,Davis,F,1976-07-05,7090558393,456 Oak Ave,25-05-2021,WellnessCorp,INS545101,david.davis@mail.com
P009,Laura,Davis,M,1971-12-11,7060324619,321 Maple Dr,18-09-2022,PulseSecure,INS136631,laura.davis@mail.com
P010,Michael,Taylor,M,2001-10-13,7081396733,123 Elm St,24-08-2022,WellnessCorp,INS866577,michael.taylor@mail.com
P011,Emily,Jones,F,1966-12-04,8990604070,789 Pine Rd,27-09-2022,MedCare Plus,INS172991,emily.jones@mail.com
P012,Laura,Davis,F,1991-12-08,8135666049,321 Maple Dr,27-04-2023,MedCare Plus,INS104014,laura.davis@mail.com
P013,Laura,Johnson,F,1990-03-28,9059178882,321 Maple Dr,23-12-2021,WellnessCorp,INS373237,laura.johnson@mail.com
P014,Alex,Taylor,M,1968-02-27,7292262512,789 Pine Rd,12-12-2023,MedCare Plus,INS118070,alex.taylor@mail.com
P015,Sarah,Johnson,M,1964-05-11,6636028516,321 Maple Dr,25-09-2021,WellnessCorp,INS922209,sarah.johnson@mail.com
P016,Michael,Taylor,M,2000-07-22,7223380592,789 Pine Rd,23-07-2021,PulseSecure,INS156958,michael.taylor@mail.com
P017,Jane,Jones,M,1991-05-01,6158428240,456 Oak Ave,26-09-2022,WellnessCorp,INS182074,jane.jones@mail.com
P018,Laura,Wilson,M,1979-09-24,7145815738,789 Pine Rd,23-09-2022,PulseSecure,INS635017,laura.wilson@mail.com
P019,Sarah,Miller,M,1975-05-24,8618058864,789 Pine Rd,24-06-2023,WellnessCorp,INS855073,sarah.miller@mail.com
P020,Jane,Moore,F,2003-06-06,8158989953,789 Pine Rd,03-04-2022,MedCare Plus,INS276089,jane.moore@mail.com
P021,Michael,Wilson,M,2002-03-01,7765390555,321 Maple Dr,19-01-2022,WellnessCorp,INS297392,michael.wilson@mail.com
P022,John,Brown,M,1955-05-10,6221099573,321 Maple Dr,11-05-2021,MedCare Plus,INS258823,john.brown@mail.com
P023,Linda,Johnson,M,1994-02-22,6141951830,789 Pine Rd,27-12-2021,WellnessCorp,INS730152,linda.johnson@mail.com
P024,Sarah,Brown,F,1991-11-04,7196777444,321 Maple Dr,02-09-2021,WellnessCorp,INS493002,sarah.brown@mail.com
P025,Robert,Wilson,M,1966-08-14,7482069727,123 Elm St,09-09-2021,HealthIndia,INS833429,robert.wilson@mail.com
P026,John,Taylor,M,2003-11-28,9900972256,123 Elm St,13-05-2021,MedCare Plus,INS598863,john.taylor@mail.com
P027,Linda,Moore,F,1998-06-29,8724518272,321 Maple Dr,15-08-2021,HealthIndia,INS467654,linda.moore@mail.com
P028,Alex,Moore,M,1993-04-13,7028910482,321 Maple Dr,20-05-2023,MedCare Plus,INS679036,alex.moore@mail.com
P029,David,Smith,M,2005-05-15,8923607677,789 Pine Rd,19-04-2023,HealthIndia,INS630089,david.smith@mail.com
P030,Emily,Moore,M,1964-12-23,6622318721,456 Oak Ave,07-08-2021,PulseSecure,INS250262,emily.moore@mail.com
P031,Robert,Miller,M,1987-01-14,8280346676,321 Maple Dr,28-06-2022,WellnessCorp,INS542905,robert.miller@mail.com
P032,Alex,Moore,M,1981-01-08,8102183595,123 Elm St,02-10-2021,MedCare Plus,INS335362,alex.moore@mail.com
P033,Michael,Wilson,F,1970-02-06,7923214041,789 Pine Rd,06-09-2023,MedCare Plus,INS544209,michael.wilson@mail.com
P034,Alex,Smith,F,1950-01-26,8374657733,321 Maple Dr,18-06-2023,WellnessCorp,INS653880,alex.smith@mail.com
P035,David,Wilson,F,1993-04-13,7039619487,123 Elm St,09-07-2023,MedCare Plus,INS897079,david.wilson@mail.com
P036,Michael,Wilson,M,1997-12-26,8545613046,123 Elm St,04-10-2022,MedCare Plus,INS764076,michael.wilson@mail.com
P037,Robert,Williams,M,1999-02-05,8886800195,456 Oak Ave,30-09-2021,HealthIndia,INS319963,robert.williams@mail.com
P038,David,Smith,M,1991-06-25,6347262390,789 Pine Rd,19-04-2021,MedCare Plus,INS580761,david.smith@mail.com
P039,Jane,Wilson,F,1950-12-12,9271131338,789 Pine Rd,09-03-2021,PulseSecure,INS348710,jane.wilson@mail.com
P040,Emily,Williams,M,1972-05-30,7587653815,456 Oak Ave,16-10-2021,PulseSecure,INS320984,emily.williams@mail.com
P041,Robert,Williams,M,1951-06-19,7020645498,456 Oak Ave,16-07-2022,WellnessCorp,INS997059,robert.williams@mail.com
P042,Jane,Smith,F,1954-08-22,7040069008,789 Pine Rd,15-03-2022,MedCare Plus,INS956748,jane.smith@mail.com
P043,Linda,Brown,M,1980-03-25,9127665406,789 Pine Rd,18-07-2022,WellnessCorp,INS882355,linda.brown@mail.com
P044,Robert,Taylor,F,1976-03-11,9449458981,321 Maple Dr,26-01-2023,PulseSecure,INS364512,robert.taylor@mail.com
P045,Linda,Miller,F,1966-04-25,7579616535,321 Maple Dr,23-01-2021,MedCare Plus,INS701863,linda.miller@mail.com
P046,Michael,Taylor,F,1986-09-01,8019925828,456 Oak Ave,31-07-2021,MedCare Plus,INS368799,michael.taylor@mail.com
P047,Jane,Moore,M,1995-12-13,8715732851,321 Maple Dr,20-05-2022,WellnessCorp,INS337549,jane.moore@mail.com
P048,Emily,Miller,M,1983-03-24,8720989381,123 Elm St,19-06-2023,PulseSecure,INS694319,emily.miller@mail.com
P049,David,Moore,M,1972-11-26,7712937941,321 Maple Dr,14-06-2023,MedCare Plus,INS584299,david.moore@mail.com
P050,Laura,Wilson,M,1993-12-27,8301134730,321 Maple Dr,28-04-2023,WellnessCorp,INS712210,laura.wilson@mail.com
